﻿
IF OBJECT_ID('MODELL_EXTRA_CONNECT', 'U') IS NOT NULL DROP TABLE MODELL_EXTRA_CONNECT;
IF OBJECT_ID('EXTRA', 'U') IS NOT NULL DROP TABLE EXTRA;
IF OBJECT_ID('MODELL', 'U') IS NOT NULL DROP TABLE MODELL;
IF OBJECT_ID('COMPANY', 'U') IS NOT NULL DROP TABLE COMPANY;


CREATE TABLE COMPANY 
    (ID                 NUMERIC(2) NOT NULL,
     NAME               VARCHAR(40),
     COUNTRY            VARCHAR(40),
     URL                VARCHAR(40),
     FOUNDATION         NUMERIC(4),
     YEARLY_INCOME      NUMERIC(15),
  CONSTRAINT COMPANY_PRIMARY_KEY PRIMARY KEY (ID));

CREATE TABLE MODELL 
    (ID                 NUMERIC(2) NOT NULL,
     COMPANY_ID         NUMERIC(2) NOT NULL,
     NAME               VARCHAR(40),
     RELEASE            NUMERIC(4),
     ENGINE             NUMERIC(4),
     POWER              NUMERIC(4),
     PRICE              NUMERIC(6),
  CONSTRAINT MODELL_PRIMARY_KEY PRIMARY KEY (ID),
  CONSTRAINT MODELL_FOREIGN_KEY FOREIGN KEY (COMPANY_ID) REFERENCES COMPANY (ID));

CREATE TABLE EXTRA 
    (ID                 NUMERIC(2) NOT NULL,
     NAME               VARCHAR(40),
     PRICE              NUMERIC(6),
     COLOR              VARCHAR(40),
     MULTIPLE_USE       BIT,
  CONSTRAINT COMPANY_PRIMARY_KEY_2 PRIMARY KEY (ID));

CREATE TABLE MODELL_EXTRA_CONNECT 
    (ID                 NUMERIC(2) NOT NULL,
     MODELL_ID          NUMERIC(2) NOT NULL,
     EXTRA_ID           NUMERIC(2) NOT NULL,
  CONSTRAINT MODELL_EXTRA_CONNECT_PRIMARY_KEY PRIMARY KEY (ID),
  CONSTRAINT MODELL2_FOREIGN_KEY FOREIGN KEY (MODELL_ID) REFERENCES MODELL (ID),
  CONSTRAINT EXTRA_FOREIGN_KEY FOREIGN KEY (EXTRA_ID) REFERENCES EXTRA (ID));

INSERT INTO COMPANY VALUES (1,'Mitsubishi','China','https://MitsubishiAuto.com',1937,52165);
INSERT INTO COMPANY VALUES (2,'Jeep','Wales','https://JeepAuto.com',1940,51532);
INSERT INTO COMPANY VALUES (3,'Suzuki','Belgium','https://SuzukiAuto.com',1943,50899);
INSERT INTO COMPANY VALUES (4,'Campagna','Japan','https://CampagnaAuto.com',1946,50266);
INSERT INTO COMPANY VALUES (5,'Toyota','France','https://ToyotaAuto.com',1949,49633);
INSERT INTO COMPANY VALUES (6,'Peugeot','America','https://PeugeotAuto.com',1952,49000);
INSERT INTO COMPANY VALUES (7,'Fiat','Germany','https://FiatAuto.com',1955,48367);
INSERT INTO COMPANY VALUES (8,'Proton','Canada','https://ProtonAuto.com',1958,47734);
INSERT INTO COMPANY VALUES (9,'Marcos','Spain','https://MarcosAuto.com',1961,47101);
INSERT INTO COMPANY VALUES (10,'Dodge','Brazil','https://DodgeAuto.com',1964,46468);
INSERT INTO COMPANY VALUES (11,'Maybach','South Africa','https://MaybachAuto.com',1967,45835);
INSERT INTO COMPANY VALUES (12,'MB Roadcars','Belgium','https://MB RoadcarsAuto.com',1970,45202);
INSERT INTO COMPANY VALUES (13,'Koenigsegg','India','https://KoenigseggAuto.com',1973,44569);
INSERT INTO COMPANY VALUES (14,'Ford','Mexico','https://FordAuto.com',1976,43936);
INSERT INTO COMPANY VALUES (15,'Invicta','Argentina','https://InvictaAuto.com',1979,43303);
INSERT INTO COMPANY VALUES (16,'Volvo','Ethiopia','https://VolvoAuto.com',1982,42670);
INSERT INTO COMPANY VALUES (17,'Noble','Jamaica','https://NobleAuto.com',1985,42037);
INSERT INTO COMPANY VALUES (18,'SSC','Brazil,','https://SSCAuto.com',1988,41404);
INSERT INTO COMPANY VALUES (19,'Volkswagen','Ethiopia','https://VolkswagenAuto.com',1991,40771);
INSERT INTO COMPANY VALUES (20,'Lexus','Jamaica','https://LexusAuto.com',1994,40138);



INSERT INTO MODELL VALUES (1,20,'Chevy Cruze',1970,1432,83,13654);
INSERT INTO MODELL VALUES (2,19,'Ford Focus',1971,1443,86,14213);
INSERT INTO MODELL VALUES (3,19,'Honda Civic',1972,1454,89,14772);
INSERT INTO MODELL VALUES (4,18,'Hyundai Elantra',1973,1465,92,15331);
INSERT INTO MODELL VALUES (5,18,'Kia Forte',1974,1476,95,15890);
INSERT INTO MODELL VALUES (6,17,'Mazda3',1975,1487,98,16449);
INSERT INTO MODELL VALUES (7,16,'Mitsubishi Lancer',1976,1498,101,17008);
INSERT INTO MODELL VALUES (8,16,'Nissan Sentra',1977,1509,104,17567);
INSERT INTO MODELL VALUES (9,15,'Subaru Impreza',1978,1520,107,18126);
INSERT INTO MODELL VALUES (10,14,'Volkswagen Golf',1979,1531,110,18685);
INSERT INTO MODELL VALUES (11,13,'Volkswagen Jetta',1980,1542,113,19244);
INSERT INTO MODELL VALUES (12,12,'Volkswagen Beetle',1981,1553,116,19803);
INSERT INTO MODELL VALUES (13,11,'Chevy Malibu',1982,1564,119,20362);
INSERT INTO MODELL VALUES (14,10,'Ford Fusion',1983,1575,122,20921);
INSERT INTO MODELL VALUES (15,10,'Honda Accord',1984,1586,125,21480);
INSERT INTO MODELL VALUES (16,9,'Hyundai Sonata',1985,1597,128,22039);
INSERT INTO MODELL VALUES (17,8,'Hyundai Azera',1986,1608,131,22598);
INSERT INTO MODELL VALUES (18,7,'Kia Optima',1987,1619,134,23157);
INSERT INTO MODELL VALUES (19,7,'Mazda6',1988,1630,137,23716);
INSERT INTO MODELL VALUES (20,6,'Nissan Altima',1989,1641,140,24275);
INSERT INTO MODELL VALUES (21,6,'Subaru Legacy',1990,1652,143,24834);
INSERT INTO MODELL VALUES (22,6,'Toyota Camry',1991,1663,146,25393);
INSERT INTO MODELL VALUES (23,5,'Volkswagen Passat',1992,1674,149,25952);
INSERT INTO MODELL VALUES (24,4,'Chevy Impala',1993,1685,152,26511);
INSERT INTO MODELL VALUES (25,3,'Ford Taurus',1994,1696,155,27070);
INSERT INTO MODELL VALUES (26,2,'Kia Cadenza',1995,1707,158,27629);
INSERT INTO MODELL VALUES (27,2,'Nissan Maxima',1996,1718,161,28188);
INSERT INTO MODELL VALUES (28,2,'Toyota Avalon',1997,1729,164,28747);
INSERT INTO MODELL VALUES (29,1,'Kika Subaru',1998,1740,167,29306);
INSERT INTO MODELL VALUES (30,1,'Monstretruck',1999,1751,170,29865);



INSERT INTO EXTRA VALUES (1,'Extended dealer warranties',1123,'Red',1);
INSERT INTO EXTRA VALUES (2,'Rustproofing',1157,'Blue',1);
INSERT INTO EXTRA VALUES (3,'paint protection',1191,'Pink',0);
INSERT INTO EXTRA VALUES (4,'Fabric protection',1225,'Brown',1);
INSERT INTO EXTRA VALUES (5,'Alarms',1259,'Grey',1);
INSERT INTO EXTRA VALUES (6,'Floor mats',1293,'Black',0);
INSERT INTO EXTRA VALUES (7,'GPS navigation',1327,'White',1);
INSERT INTO EXTRA VALUES (8,'Headlight ',1361,'Orange',1);
INSERT INTO EXTRA VALUES (9,'bonnet protectors',1395,'Red',0);
INSERT INTO EXTRA VALUES (10,'Nudge ',1429,'Blue',1);
INSERT INTO EXTRA VALUES (11,'bull bars',1463,'Pink',1);
INSERT INTO EXTRA VALUES (12,'Premium sound systems',1497,'Brown',0);
INSERT INTO EXTRA VALUES (13,'Roof racks ',1531,'Grey',1);
INSERT INTO EXTRA VALUES (14,'Special suspension',1565,'Black',1);
INSERT INTO EXTRA VALUES (15,'towbar',1599,'White',0);
INSERT INTO EXTRA VALUES (16,'Window tinting',1633,'Orange',1);
INSERT INTO EXTRA VALUES (17,'Airbags',1667,'Red',1);
INSERT INTO EXTRA VALUES (18,'ABS',1701,'Blue',0);
INSERT INTO EXTRA VALUES (19,'Stability control',1735,'Pink',1);
INSERT INTO EXTRA VALUES (20,'Full-size spare tyre',1769,'Brown',1);



INSERT INTO MODELL_EXTRA_CONNECT VALUES (1,1,11);
INSERT INTO MODELL_EXTRA_CONNECT VALUES (2,1,11);
INSERT INTO MODELL_EXTRA_CONNECT VALUES (3,3,1);
INSERT INTO MODELL_EXTRA_CONNECT VALUES (4,4,9);
INSERT INTO MODELL_EXTRA_CONNECT VALUES (5,5,3);
INSERT INTO MODELL_EXTRA_CONNECT VALUES (6,5,8);
INSERT INTO MODELL_EXTRA_CONNECT VALUES (7,5,17);
INSERT INTO MODELL_EXTRA_CONNECT VALUES (8,8,12);
INSERT INTO MODELL_EXTRA_CONNECT VALUES (9,9,15);
INSERT INTO MODELL_EXTRA_CONNECT VALUES (10,9,19);
INSERT INTO MODELL_EXTRA_CONNECT VALUES (11,11,15);
INSERT INTO MODELL_EXTRA_CONNECT VALUES (12,12,20);
INSERT INTO MODELL_EXTRA_CONNECT VALUES (13,12,13);
INSERT INTO MODELL_EXTRA_CONNECT VALUES (14,14,16);
INSERT INTO MODELL_EXTRA_CONNECT VALUES (15,15,15);
INSERT INTO MODELL_EXTRA_CONNECT VALUES (16,16,4);
INSERT INTO MODELL_EXTRA_CONNECT VALUES (17,16,15);
INSERT INTO MODELL_EXTRA_CONNECT VALUES (18,18,3);
INSERT INTO MODELL_EXTRA_CONNECT VALUES (19,19,8);
INSERT INTO MODELL_EXTRA_CONNECT VALUES (20,20,10);
INSERT INTO MODELL_EXTRA_CONNECT VALUES (21,20,16);
INSERT INTO MODELL_EXTRA_CONNECT VALUES (22,20,13);
INSERT INTO MODELL_EXTRA_CONNECT VALUES (23,20,10);
INSERT INTO MODELL_EXTRA_CONNECT VALUES (24,24,10);
INSERT INTO MODELL_EXTRA_CONNECT VALUES (25,25,6);
INSERT INTO MODELL_EXTRA_CONNECT VALUES (26,26,17);
INSERT INTO MODELL_EXTRA_CONNECT VALUES (27,26,3);
INSERT INTO MODELL_EXTRA_CONNECT VALUES (28,26,13);
INSERT INTO MODELL_EXTRA_CONNECT VALUES (29,29,11);
INSERT INTO MODELL_EXTRA_CONNECT VALUES (30,30,8);